# Constructed from biom file,,,,,,,,,,,,,,,,,,,,,,,,,,,,,,,,,,,,,,,,,,,,,,,,,,,,,,,,,,,,,,,,,,,,,,,,,,,,,,,,,,,,,,,,,,,,,,,,,,,,,,,,,,,,,,,,,,,,,,,,,,,,,,,,,,,,,,,,,,,,,,,,,,,,,,,,,
#OTU ID,A1-nc.blast,B1-nc.blast,B2-nc.blast,B3-nc.blast,C1-nc.blast,C2-nc.blast,D1-nc.blast,D2-nc.blast,D3-nc.blast,E1-nc.blast,F1-nc.blast,F3-nc.blast,F4-nc.blast,G1-nc.blast,G2-nc.blast,G3-nc.blast,H1-nc.blast,I1-nc.blast,I2-nc.blast,I3-nc.blast,I4-nc.blast,I5-nc.blast,J1-nc.blast,J2-nc.blast,J3-nc.blast,J4-nc.blast,K1-nc.blast,K2-nc.blast,L1-nc.blast,L2-nc.blast,Lib1neg-nc.blast,Lib1pos-nc.blast,Lib2neg-nc.blast,Lib2pos-nc.blast,Lib3neg-nc.blast,Lib3pos-nc.blast,Lib4neg-nc.blast,Lib4pos-nc.blast,Lib5neg-nc.blast,Lib5pos-nc.blast,Lib6neg-nc.blast,Lib6pos-nc.blast,M1-nc.blast,M2-nc.blast,MT1-nc.blast,MT10-nc.blast,MT11-nc.blast,MT12-nc.blast,MT13-nc.blast,MT14-nc.blast,MT15-nc.blast,MT16-nc.blast,MT17-nc.blast,MT18-nc.blast,MT19-1-nc.blast,MT19-2-nc.blast,MT2-nc.blast,MT20-nc.blast,MT21-nc.blast,MT22-nc.blast,MT23-nc.blast,MT24-nc.blast,MT3-nc.blast,MT4-nc.blast,MT5-nc.blast,MT6-nc.blast,MT7-nc.blast,MT8-nc.blast,MT9-nc.blast,N1-nc.blast,O1-nc.blast,O2-nc.blast,O3-nc.blast,P1-nc.blast,P2-nc.blast,Q1-nc.blast,Q2-nc.blast,RH01-nc.blast,RH02-nc.blast,RH03-nc.blast,RH04-nc.blast,RH05-nc.blast,RH06-nc.blast,RH07-nc.blast,RH08-nc.blast,RH09-nc.blast,RH10-nc.blast,RH11-nc.blast,RO1-nc.blast,S1-nc.blast,TL100-nc.blast,TL101-nc.blast,TL102-nc.blast,TL103-nc.blast,TL104-nc.blast,TL105-nc.blast,TL106-nc.blast,TL107-nc.blast,TL108-nc.blast,TL109-nc.blast,TL110-nc.blast,TL111-nc.blast,TL112-nc.blast,TL113-nc.blast,TL114-nc.blast,TL115-nc.blast,TL116-nc.blast,TL117-nc.blast,TL118-nc.blast,TL119-nc.blast,TL120-nc.blast,TL121-nc.blast,TL122-nc.blast,TL123-nc.blast,TL124-nc.blast,TL125-nc.blast,TL126-nc.blast,TL127-nc.blast,TL128-nc.blast,TL129-nc.blast,TL130-nc.blast,TL131-nc.blast,TL132-nc.blast,TL133-nc.blast,TL134-nc.blast,TL135-nc.blast,TL136-nc.blast,TL137-nc.blast,TL139-nc.blast,TL89-nc.blast,TL90-nc.blast,TL91-nc.blast,TL92-nc.blast,TL93-nc.blast,TL94-nc.blast,TL95-nc.blast,TL96-nc.blast,TL97-nc.blast,TL98-nc.blast,TL99-nc.blast,toad1-nc.blast,toad10-nc.blast,toad11-nc.blast,toad12-nc.blast,toad2-nc.blast,toad3-nc.blast,toad4-nc.blast,toad5-nc.blast,toad6-nc.blast,toad7-nc.blast,toad8-nc.blast,toad9-nc.blast,taxomomy
s__Anguilla_anguilla,0,0,0,0,0,0,0,0,18,0,0,0,0,0,0,0,0,12076,0,0,0,0,0,3,0,3537,0,0,0,0,0,0,0,0,0,0,0,0,0,0,0,0,0,0,0,0,0,0,0,0,0,0,0,0,0,0,0,0,0,0,0,0,0,0,0,0,0,0,0,521,0,0,0,0,0,0,0,0,0,0,0,0,0,0,0,0,0,0,0,26,0,0,93771,0,0,0,0,0,0,0,0,1095,0,0,0,0,741,0,0,0,0,0,0,0,0,0,0,0,0,0,6,0,0,0,0,0,0,0,0,0,0,0,0,0,0,0,0,55,0,0,0,0,0,0,0,0,0,0,0,0,0,0,"['sk__Eukaryota', 'k__Metazoa', 'p__Chordata', 'c__Actinopteri', 'o__Anguilliformes', 'f__Anguillidae', 'g__Anguilla', 's__Anguilla_anguilla']"
s__Maylandia_zebra,0,0,0,0,3,0,0,0,0,0,0,0,0,0,0,0,0,7,5,0,0,0,0,0,0,0,0,0,0,0,0,88498,0,160308,0,93801,0,157572,0,214130,0,116381,0,0,0,0,4,0,8,8,13,0,0,0,0,0,24,0,11,0,0,0,0,0,0,0,0,0,3,0,0,0,0,0,0,0,0,0,0,0,0,0,0,0,4,0,0,0,4,4,0,3,0,0,0,0,0,0,0,0,0,0,0,3,0,0,0,0,0,140,0,0,0,0,0,0,0,0,0,0,23,0,0,0,0,0,0,0,0,0,4,0,0,0,0,8,0,0,0,0,0,0,73704,0,4,0,0,0,0,0,0,0,"['sk__Eukaryota', 'k__Metazoa', 'p__Chordata', 'c__Actinopteri', 'o__Cichliformes', 'f__Cichlidae', 'g__Maylandia', 's__Maylandia_zebra']"
s__Abramis_brama,0,0,0,0,0,0,0,0,0,0,0,0,0,0,0,0,0,0,0,0,0,0,0,0,0,0,0,0,0,0,0,0,0,0,0,0,0,0,0,0,0,0,0,0,0,0,0,0,0,0,0,0,0,0,0,0,0,0,0,0,0,0,0,0,0,0,0,0,0,0,0,0,0,0,0,0,0,0,0,0,0,0,0,0,0,0,0,0,0,0,0,0,0,0,0,0,0,0,0,0,0,0,80,0,0,0,0,0,0,0,0,0,0,0,0,0,0,0,0,0,0,0,0,0,0,0,0,0,0,0,0,25435,0,0,0,10,0,0,31711,0,0,0,0,0,0,0,0,0,0,0,0,0,"['sk__Eukaryota', 'k__Metazoa', 'p__Chordata', 'c__Actinopteri', 'o__Cypriniformes', 'f__Cyprinidae', 'g__Abramis', 's__Abramis_brama']"
s__Alburnus_alburnus,0,0,0,0,0,0,0,0,0,0,8,0,0,0,0,0,0,0,0,0,0,0,0,0,0,0,0,0,0,0,0,0,0,0,0,0,0,0,0,0,0,0,0,0,0,0,0,0,0,0,0,0,0,0,0,0,0,0,0,0,0,0,0,0,0,0,0,0,0,0,0,0,0,0,0,0,0,0,0,0,0,0,0,0,0,0,0,0,0,0,0,0,0,0,0,0,0,0,0,0,0,0,4,0,0,0,0,0,0,0,0,0,0,0,0,0,0,3,0,0,0,0,0,0,0,0,0,0,0,9,0,0,0,0,0,0,0,0,0,0,0,0,0,0,0,0,0,0,0,0,0,0,"['sk__Eukaryota', 'k__Metazoa', 'p__Chordata', 'c__Actinopteri', 'o__Cypriniformes', 'f__Cyprinidae', 'g__Alburnus', 's__Alburnus_alburnus']"
s__Blicca_bjoerkna,0,0,0,0,0,0,0,0,0,0,0,0,0,0,0,0,0,0,0,0,0,0,0,0,0,0,0,0,0,0,0,0,0,0,0,0,0,0,0,0,0,0,0,0,0,0,0,0,0,0,0,0,0,0,0,0,0,0,0,0,0,0,0,0,0,0,0,0,0,0,0,0,0,0,0,0,0,0,0,0,0,0,0,0,0,0,0,0,0,0,0,0,0,0,0,0,0,0,0,0,0,0,0,0,0,0,0,0,0,0,0,0,0,0,0,0,0,0,0,0,0,0,0,0,0,0,0,0,0,0,0,6,0,0,0,0,0,0,11,0,0,0,0,0,0,0,0,0,0,0,0,0,"['sk__Eukaryota', 'k__Metazoa', 'p__Chordata', 'c__Actinopteri', 'o__Cypriniformes', 'f__Cyprinidae', 'g__Blicca', 's__Blicca_bjoerkna']"
s__Carassius_auratus,0,0,0,0,0,0,0,0,0,0,0,3,4,0,0,0,0,0,0,0,0,0,0,0,0,0,0,0,0,0,0,0,0,0,0,0,0,0,0,0,0,0,0,0,0,0,0,0,0,0,0,0,0,0,0,0,0,0,0,0,0,0,0,0,0,0,0,0,0,0,0,0,0,0,0,0,0,0,0,0,0,0,0,0,0,0,0,0,0,7,0,0,0,0,0,0,0,0,0,0,0,0,0,0,0,42,0,0,0,0,0,0,0,0,0,0,0,0,0,0,0,0,0,0,0,0,0,0,0,0,0,0,0,0,0,0,0,0,0,0,0,0,0,0,0,0,0,0,0,115,0,0,"['sk__Eukaryota', 'k__Metazoa', 'p__Chordata', 'c__Actinopteri', 'o__Cypriniformes', 'f__Cyprinidae', 'g__Carassius', 's__Carassius_auratus']"
s__Carassius_carassius,0,0,102,0,0,0,0,0,0,0,33544,22181,54021,25986,4056,3,0,0,0,206,12,0,0,0,0,0,135,0,0,0,0,0,338,0,0,0,0,0,0,0,0,0,2792,0,0,0,0,0,0,0,0,0,0,0,0,0,0,0,0,0,0,0,0,0,0,0,0,0,0,0,0,0,0,0,46,6129,21495,0,0,0,0,0,0,0,0,0,0,0,3,98836,0,0,0,0,0,0,0,0,0,0,0,0,0,0,0,0,0,0,0,0,0,0,0,0,0,0,0,0,0,0,0,112,0,0,0,0,0,0,0,0,0,0,0,0,0,0,0,0,0,0,0,0,0,0,0,0,0,0,0,0,0,0,"['sk__Eukaryota', 'k__Metazoa', 'p__Chordata', 'c__Actinopteri', 'o__Cypriniformes', 'f__Cyprinidae', 'g__Carassius', 's__Carassius_carassius']"
s__Gobio_gobio,0,0,0,0,0,0,0,0,0,0,0,0,0,0,0,0,0,0,0,0,0,0,0,0,0,0,0,0,0,0,0,0,0,0,0,0,0,0,0,0,0,0,0,0,0,0,0,0,0,0,0,0,0,0,0,0,0,0,0,0,0,0,0,0,0,0,0,0,0,0,0,0,0,0,0,0,0,0,0,0,0,0,0,0,0,0,0,0,0,0,0,0,0,0,0,0,0,0,0,0,0,425,0,0,0,0,0,0,0,0,0,0,0,0,0,0,0,0,0,0,57,0,0,0,0,0,0,0,0,0,0,0,0,0,0,0,19,0,0,0,0,0,0,0,0,0,0,0,0,0,0,0,"['sk__Eukaryota', 'k__Metazoa', 'p__Chordata', 'c__Actinopteri', 'o__Cypriniformes', 'f__Cyprinidae', 'g__Gobio', 's__Gobio_gobio']"
s__Hypophthalmichthys_molitrix,0,0,0,0,0,0,0,0,0,0,0,0,0,0,0,0,0,0,0,0,0,0,0,0,37,0,0,0,0,0,0,0,0,0,0,0,0,0,0,0,0,0,0,0,0,0,0,0,0,0,0,0,0,0,0,0,0,0,0,0,0,0,0,0,0,0,0,0,0,0,0,0,0,0,3,0,0,0,0,0,0,0,0,0,0,0,0,0,0,0,0,0,0,0,0,0,0,0,0,0,0,0,0,0,0,0,0,0,0,0,0,0,0,0,0,0,0,0,0,0,0,0,0,0,0,0,0,0,0,0,0,0,0,0,0,0,0,0,0,0,0,0,0,0,0,0,0,0,0,0,0,0,"['sk__Eukaryota', 'k__Metazoa', 'p__Chordata', 'c__Actinopteri', 'o__Cypriniformes', 'f__Cyprinidae', 'g__Hypophthalmichthys', 's__Hypophthalmichthys_molitrix']"
s__Phoxinus_phoxinus,0,0,0,0,0,0,0,0,0,0,0,0,0,0,0,0,0,0,0,0,0,0,0,0,0,0,0,0,0,0,0,0,0,0,0,0,0,0,0,0,0,0,0,0,0,0,0,0,0,0,0,0,0,0,0,0,0,0,0,0,0,0,0,0,0,0,0,0,0,0,0,0,0,0,0,0,0,0,0,0,0,15848,3720,3595,738,22941,0,267,0,0,0,0,0,0,0,0,0,0,0,0,0,34214,0,0,0,0,0,0,11701,0,0,0,0,0,0,0,0,0,0,0,0,0,0,0,0,0,0,0,0,0,0,0,0,0,0,0,0,0,0,0,0,0,0,0,0,0,0,0,0,0,0,0,"['sk__Eukaryota', 'k__Metazoa', 'p__Chordata', 'c__Actinopteri', 'o__Cypriniformes', 'f__Cyprinidae', 'g__Phoxinus', 's__Phoxinus_phoxinus']"
s__Rutilus_rutilus,0,0,0,0,0,0,0,0,0,16,14840,0,0,0,0,0,0,0,0,0,0,0,0,0,0,0,0,0,51,0,0,0,0,0,0,0,0,0,0,0,0,0,362,0,0,0,0,0,0,0,0,0,0,0,0,0,0,0,0,0,0,0,0,0,0,0,0,0,0,0,0,0,0,0,0,18,0,0,0,0,0,0,0,0,0,0,5786,0,0,0,1008,2173,0,404,0,0,0,0,0,3593,0,26,6837,0,0,0,0,0,0,0,0,0,0,0,0,0,0,7968,225,0,659,0,0,0,0,0,0,0,0,23492,642,0,1769,0,2657,7,328,0,7,0,0,0,0,0,0,0,0,0,0,0,0,0,"['sk__Eukaryota', 'k__Metazoa', 'p__Chordata', 'c__Actinopteri', 'o__Cypriniformes', 'f__Cyprinidae', 'g__Rutilus', 's__Rutilus_rutilus']"
s__Scardinius_erythrophthalmus,0,0,0,0,0,0,0,0,0,0,0,0,0,0,0,0,0,0,0,0,0,0,0,0,0,972,0,0,0,0,0,0,0,0,0,0,0,0,0,0,0,0,0,0,0,0,0,0,0,0,0,0,0,0,0,0,0,0,0,0,0,0,0,0,0,0,0,0,0,0,0,0,0,0,0,0,0,0,0,0,0,0,0,0,0,0,0,0,0,5,0,0,0,0,0,0,0,0,0,0,0,0,0,0,0,0,0,0,0,0,0,0,0,0,0,0,0,0,0,0,0,0,0,0,0,0,0,0,0,0,0,0,0,0,0,0,0,0,0,0,0,0,0,0,0,0,0,0,0,0,0,0,"['sk__Eukaryota', 'k__Metazoa', 'p__Chordata', 'c__Actinopteri', 'o__Cypriniformes', 'f__Cyprinidae', 'g__Scardinius', 's__Scardinius_erythrophthalmus']"
s__Tinca_tinca,0,9,0,0,0,0,0,0,0,0,0,0,0,38,0,0,5,0,0,4,0,0,0,479,15826,129,94,17,0,0,0,0,0,0,0,0,0,0,0,0,0,0,0,0,0,0,0,0,0,0,0,0,0,0,0,0,0,0,0,0,0,0,0,0,0,0,0,0,0,0,0,0,0,0,12788,0,0,0,0,0,0,0,0,0,0,0,0,0,0,0,0,0,0,0,0,0,0,0,0,0,0,0,0,0,0,0,0,0,0,0,0,0,0,0,0,0,0,0,0,0,0,0,0,0,0,0,0,0,0,0,0,0,0,0,0,5,0,0,0,0,0,0,0,0,0,0,0,0,0,0,0,0,"['sk__Eukaryota', 'k__Metazoa', 'p__Chordata', 'c__Actinopteri', 'o__Cypriniformes', 'f__Cyprinidae', 'g__Tinca', 's__Tinca_tinca']"
s__Barbatula_barbatula,0,0,0,0,0,0,189,0,0,0,0,0,0,0,0,0,0,0,0,0,0,0,76,0,0,0,0,0,0,0,0,0,0,0,0,0,0,0,0,0,0,0,0,0,0,9,0,0,0,0,0,12,389,0,0,0,0,0,0,0,224,0,0,0,0,0,0,0,0,0,0,0,0,0,0,0,0,0,0,0,414,1205,1051,1164,1052,526,0,0,66,0,0,9969,859,5248,228,0,0,0,0,0,3,127,0,0,0,0,0,0,9176,0,0,0,160,0,0,0,0,0,0,0,6530,23,0,0,0,0,0,0,0,3920,11386,3,6036,0,23,2620,8112,50,0,280,0,0,0,0,0,0,0,0,0,0,0,0,"['sk__Eukaryota', 'k__Metazoa', 'p__Chordata', 'c__Actinopteri', 'o__Cypriniformes', 'f__Nemacheilidae', 'g__Barbatula', 's__Barbatula_barbatula']"
s__Esox_lucius,0,0,0,0,0,0,0,0,0,0,0,0,0,0,0,0,0,0,0,0,0,0,0,0,0,0,145,4086,0,67,0,0,0,0,0,0,0,0,0,0,0,0,0,0,0,0,0,0,0,0,0,0,0,0,0,0,0,0,0,0,0,0,0,0,0,0,0,0,0,0,0,0,0,0,37,0,0,0,0,0,0,0,0,197,0,0,9,0,0,0,0,0,0,0,0,401,45119,264,0,0,0,0,0,0,0,0,0,0,0,0,0,0,0,0,0,0,0,112,0,0,0,26939,0,0,0,0,0,14508,0,0,0,0,0,0,0,0,0,0,0,274,0,0,0,0,0,0,0,0,0,0,0,0,"['sk__Eukaryota', 'k__Metazoa', 'p__Chordata', 'c__Actinopteri', 'o__Esociformes', 'f__Esocidae', 'g__Esox', 's__Esox_lucius']"
s__Cottus_gobio,0,73,29,0,56226,13879,34024,69764,1888,6175,0,46,0,0,3,8,88004,65240,76969,2079,658,16,1014,24296,1681,13710,279,0,4557,0,0,0,0,9,0,23,0,4,0,16,0,10,67014,57,12155,26440,51523,38785,72263,42571,108585,33,19560,11139,0,20447,43756,2383,189,18990,6511,14964,11269,59148,10098,25,8368,33752,50951,11870,0,907,76,51541,24,25,0,733,23383,0,37909,41340,55252,23477,61073,18522,25552,9330,86592,110,369,80,17124,299,158,36,3,26,0,0,58,0,0,0,0,0,1731,0,3764,0,0,0,2278,0,0,0,5,2337,47,25,48950,3550,0,0,71,206,108,1309,41,0,2582,0,219,0,19,17124,7291,28,0,5837,0,0,0,0,0,0,0,0,0,0,0,0,"['sk__Eukaryota', 'k__Metazoa', 'p__Chordata', 'c__Actinopteri', 'o__Perciformes', 'f__Cottidae', 'g__Cottus', 's__Cottus_gobio']"
s__Gasterosteus_aculeatus,46,75933,30482,4221,11,3658,824,8,34058,1142,23218,13403,7566,8397,32815,21,3553,5698,742,619,244,0,0,32386,919,91864,17235,38946,621,0,0,7,0,3,0,0,0,6,0,3,0,0,28904,0,52,15,0,493,3,7441,12,0,126,0,0,0,4,0,0,352,3085,0,0,0,0,0,0,2673,27814,10939,0,932,512,4,17,38393,2696,120,3043,0,22542,1293,3813,4973,790,3165,6349,1425,16,49368,6173,91302,177,6408,356,0,4,0,0,341,96,1412,587,0,0,0,2848,0,3597,0,0,0,142,3,0,0,0,0,0,0,22070,2120,0,0,11,0,1355,39,21,43227,30640,168,74224,391,52048,85707,2709,19948,0,0,0,0,0,0,0,0,10,0,0,0,0,0,"['sk__Eukaryota', 'k__Metazoa', 'p__Chordata', 'c__Actinopteri', 'o__Perciformes', 'f__Gasterosteidae', 'g__Gasterosteus', 's__Gasterosteus_aculeatus']"
s__Pungitius_pungitius,0,12,4,0,0,0,0,0,7,0,4,0,0,0,0,0,0,6,3,0,0,0,0,8,0,1034,0,5,0,0,0,0,0,0,0,0,0,0,0,0,0,0,6,0,0,0,0,0,0,0,0,0,0,0,0,0,0,0,0,0,0,0,0,0,0,0,0,0,7,5,0,0,0,0,0,6,0,0,0,0,7,0,264,0,0,0,0,0,0,29,3,1263,0,23293,82,0,19889,0,0,2111,696,1484,55359,0,0,0,1202,0,90,0,0,0,0,0,0,0,0,0,0,0,6669,1999,0,0,0,0,127,65,13,930,18484,0,4800,0,1834,977,185,22023,0,0,0,0,0,0,0,0,0,0,0,0,0,0,"['sk__Eukaryota', 'k__Metazoa', 'p__Chordata', 'c__Actinopteri', 'o__Perciformes', 'f__Gasterosteidae', 'g__Pungitius', 's__Pungitius_pungitius']"
s__Platichthys_flesus,0,0,0,0,0,0,0,0,0,0,0,0,0,0,0,0,0,0,0,0,0,0,0,0,0,0,0,0,0,0,0,0,0,0,0,0,0,0,0,0,0,0,0,0,0,0,0,0,0,0,0,0,0,0,0,0,0,0,0,0,0,0,0,0,0,0,0,0,0,0,0,0,0,0,0,0,0,0,0,0,48637,0,0,0,0,0,0,0,0,0,0,660,0,0,0,0,0,0,0,0,0,0,0,0,0,0,0,0,0,0,0,0,0,0,0,0,0,0,0,0,0,86,0,0,0,0,0,0,0,0,317,0,3725,0,0,2341,101430,23,0,0,0,0,0,0,0,0,0,0,0,0,0,0,"['sk__Eukaryota', 'k__Metazoa', 'p__Chordata', 'c__Actinopteri', 'o__Pleuronectiformes', 'f__Pleuronectidae', 'g__Platichthys', 's__Platichthys_flesus']"
s__Oncorhynchus_mykiss,0,0,0,0,0,0,0,0,0,0,0,0,0,0,0,0,0,0,0,0,0,0,0,0,0,0,0,0,0,0,0,0,0,0,0,0,0,0,0,0,0,0,0,0,0,0,0,0,0,0,0,0,0,0,0,0,0,0,0,0,0,0,0,0,0,0,0,0,0,0,0,0,0,0,0,0,0,0,0,0,0,278,0,0,1536,0,0,4518,0,0,0,0,0,0,0,0,0,0,0,0,0,0,0,0,0,0,0,0,0,0,0,0,0,0,0,0,0,0,0,0,0,0,0,0,0,0,0,0,0,0,0,0,0,0,0,0,0,0,0,0,0,0,0,0,0,0,0,0,0,0,0,0,"['sk__Eukaryota', 'k__Metazoa', 'p__Chordata', 'c__Actinopteri', 'o__Salmoniformes', 'f__Salmonidae', 'g__Oncorhynchus', 's__Oncorhynchus_mykiss']"
s__Salmo_trutta,0,0,0,0,0,13802,162,0,0,0,0,0,0,0,0,0,0,0,0,0,0,0,0,0,0,0,0,0,0,0,0,0,0,0,0,0,0,0,0,0,0,0,0,0,0,0,0,0,0,0,0,0,0,0,0,0,0,0,0,0,0,0,0,0,0,0,0,0,0,0,0,286,0,0,55,0,0,344,0,104,2133,0,0,0,0,0,14103,0,50376,0,0,0,0,0,0,0,0,0,0,0,0,0,0,0,0,0,0,0,0,0,0,0,0,0,0,0,0,0,0,0,6,0,0,0,0,0,0,0,0,0,0,0,0,0,0,0,0,0,0,0,0,0,0,0,0,0,0,0,0,0,0,0,"['sk__Eukaryota', 'k__Metazoa', 'p__Chordata', 'c__Actinopteri', 'o__Salmoniformes', 'f__Salmonidae', 'g__Salmo', 's__Salmo_trutta']"
s__Thymallus_thymallus,0,0,0,0,0,3,0,0,0,0,0,0,0,0,0,0,0,0,0,0,0,0,0,0,0,0,0,0,0,0,0,0,0,0,0,0,0,0,0,0,0,0,0,0,0,0,0,0,0,0,0,0,0,0,0,0,0,0,0,0,0,0,0,0,0,0,0,0,0,0,0,0,0,0,0,0,0,0,0,0,0,0,0,0,0,0,0,0,5,0,0,0,0,0,0,0,0,0,0,0,0,0,0,0,0,0,0,0,0,0,0,0,0,0,0,0,0,0,0,0,0,0,0,0,0,0,0,0,0,0,0,0,0,0,0,0,0,0,0,0,0,0,0,0,0,0,0,0,0,0,0,0,"['sk__Eukaryota', 'k__Metazoa', 'p__Chordata', 'c__Actinopteri', 'o__Salmoniformes', 'f__Salmonidae', 'g__Thymallus', 's__Thymallus_thymallus']"
s__Bufo_bufo,0,0,0,0,0,0,0,0,0,0,0,0,0,0,0,0,0,0,0,0,0,0,0,0,0,0,0,0,0,0,0,0,0,0,0,0,0,0,0,0,0,0,0,0,0,0,0,4,0,0,0,0,0,0,0,0,0,0,0,0,0,0,0,0,0,0,0,0,0,0,0,0,0,0,0,0,0,0,0,0,0,0,0,0,0,0,0,0,3,0,0,0,0,3001,0,0,0,0,0,0,0,0,0,62694,0,63571,0,50562,0,0,0,0,0,0,0,0,0,0,0,0,0,0,0,0,0,0,0,0,0,0,2661,0,0,0,0,0,0,9863,0,0,44361,44230,0,0,68592,64785,74892,92966,51665,37183,7189,66751,"['sk__Eukaryota', 'k__Metazoa', 'p__Chordata', 'c__Amphibia', 'o__Anura', 'f__Bufonidae', 'g__Bufo', 's__Bufo_bufo']"
s__Pelophylax_lessonae,0,0,0,0,0,0,0,0,0,0,0,0,0,0,0,0,0,0,0,0,0,0,0,0,0,0,0,0,0,0,0,0,0,0,0,0,0,0,0,0,0,0,0,0,0,0,0,0,0,0,0,0,0,0,0,0,0,0,0,0,0,0,0,0,0,0,0,0,0,0,0,0,0,0,0,0,0,0,0,0,0,0,0,0,0,0,0,0,0,0,0,0,0,0,0,0,0,0,0,0,8267,0,0,0,0,0,0,0,0,0,0,0,0,0,0,0,0,0,0,0,0,0,0,0,0,0,0,0,0,0,0,0,0,0,0,0,0,0,0,0,0,0,0,0,0,0,0,0,0,0,0,0,"['sk__Eukaryota', 'k__Metazoa', 'p__Chordata', 'c__Amphibia', 'o__Anura', 'f__Ranidae', 'g__Pelophylax', 's__Pelophylax_lessonae']"
s__Pelophylax_ridibundus,0,0,0,0,0,0,0,0,0,0,0,0,0,0,0,0,0,0,0,0,0,0,0,0,0,0,0,0,0,0,0,0,0,0,0,0,0,0,0,0,0,0,0,0,0,0,0,0,0,0,0,0,0,0,0,0,0,0,0,0,0,0,0,0,0,0,0,0,0,0,0,0,0,0,0,0,0,0,0,0,0,0,0,0,0,0,0,0,0,0,0,0,0,0,0,0,0,0,0,404,19699,0,73061,0,0,0,42519,0,2061,0,0,0,0,0,0,0,0,0,0,0,0,0,0,0,31,0,0,0,0,0,0,0,0,0,0,0,0,0,0,0,0,0,0,0,0,0,0,0,0,0,0,0,"['sk__Eukaryota', 'k__Metazoa', 'p__Chordata', 'c__Amphibia', 'o__Anura', 'f__Ranidae', 'g__Pelophylax', 's__Pelophylax_ridibundus']"
s__Rana_temporaria,0,6636,2157,805,568,0,518,8987,47964,0,0,2762,0,0,0,0,5263,9,2221,9,0,0,12928,0,0,0,3491,0,0,0,0,0,0,0,0,0,0,0,0,0,0,0,171,11,0,0,57559,2127,115497,18,6,4,0,0,0,0,0,18,0,33,1680,0,0,0,0,0,0,0,0,0,0,0,0,0,0,0,0,0,0,0,0,0,0,0,0,0,0,0,0,0,0,0,45244,0,0,0,3171,9054,7046,154,0,0,0,0,0,0,0,0,0,0,0,0,0,0,0,0,0,0,0,0,0,0,0,0,0,0,0,0,0,0,0,0,0,0,0,0,0,10,0,0,0,0,0,0,3925,3358,0,0,0,0,0,0,"['sk__Eukaryota', 'k__Metazoa', 'p__Chordata', 'c__Amphibia', 'o__Anura', 'f__Ranidae', 'g__Rana_<genus>', 's__Rana_temporaria']"
s__Anas_carolinensis,0,0,0,0,0,0,0,0,0,0,0,0,0,0,0,0,0,0,0,0,0,0,0,0,0,0,0,0,0,0,0,0,0,0,0,0,0,0,0,0,0,0,0,0,713,44,0,58402,13291,218,2818,0,22,0,0,0,0,0,0,36,2886,0,99058,0,10,0,0,24053,1833,0,0,0,0,0,0,0,0,0,0,0,0,134,0,0,0,0,0,0,0,0,0,0,0,0,0,0,0,0,0,0,0,6,0,0,0,0,0,0,0,0,0,0,0,36,0,0,0,0,0,0,0,0,0,0,0,0,0,0,0,0,0,0,0,0,0,0,0,0,0,0,0,0,0,0,0,0,0,0,0,0,0,0,"['sk__Eukaryota', 'k__Metazoa', 'p__Chordata', 'c__Aves', 'o__Anseriformes', 'f__Anatidae', 'g__Anas', 's__Anas_carolinensis']"
s__Vanellus_vanellus,0,0,0,0,0,0,0,0,0,0,0,0,0,0,0,0,0,0,0,0,0,0,0,0,0,0,0,0,0,0,0,0,0,0,0,0,0,0,0,0,0,0,0,0,0,0,1045,5,0,0,0,0,0,0,0,0,0,0,0,0,0,0,0,0,0,0,0,0,0,0,0,0,0,0,0,0,0,0,0,0,0,0,0,0,0,0,0,0,0,0,0,0,0,0,0,0,0,0,0,0,0,0,0,0,0,0,0,0,0,0,0,0,0,0,0,0,0,0,0,0,0,0,0,0,0,0,0,0,0,0,0,0,0,0,0,0,0,0,0,0,0,0,0,0,0,0,0,0,0,0,0,0,"['sk__Eukaryota', 'k__Metazoa', 'p__Chordata', 'c__Aves', 'o__Charadriiformes', 'f__Charadriidae', 'g__Vanellus', 's__Vanellus_vanellus']"
s__Larus_glaucoides,0,0,0,0,0,0,0,0,0,0,0,0,0,0,0,0,0,0,0,0,0,0,0,0,0,0,0,0,0,0,0,0,0,0,0,0,0,0,0,0,0,0,0,0,0,0,0,0,0,0,0,0,0,0,0,0,0,0,0,5,0,0,0,0,0,0,0,0,0,0,0,0,0,0,0,0,0,0,0,0,0,0,0,0,0,0,0,0,0,0,0,0,0,0,0,0,0,0,0,0,0,0,0,0,0,0,0,0,0,0,0,0,0,0,0,0,0,0,0,0,0,0,0,0,0,0,0,0,0,0,0,0,0,0,0,0,0,0,0,0,0,0,0,0,0,0,0,0,0,0,0,0,"['sk__Eukaryota', 'k__Metazoa', 'p__Chordata', 'c__Aves', 'o__Charadriiformes', 'f__Laridae', 'g__Larus', 's__Larus_glaucoides']"
s__Scolopax_rusticola,0,0,0,0,0,0,0,0,0,0,0,0,0,0,0,0,0,0,0,0,0,0,0,0,0,0,0,0,0,0,0,0,0,0,0,0,0,0,0,0,0,0,0,0,0,0,0,0,0,0,0,0,0,0,0,0,0,0,0,0,0,0,0,0,0,0,0,0,0,0,0,0,0,0,0,0,0,0,0,0,0,0,0,0,0,0,0,0,0,0,0,0,0,0,0,0,0,0,0,0,0,0,0,0,0,0,0,0,0,0,1066,0,91,0,0,0,427,0,0,0,0,0,0,0,0,0,0,0,0,0,0,0,0,0,0,0,0,0,0,0,0,0,0,0,0,0,0,0,0,0,0,0,"['sk__Eukaryota', 'k__Metazoa', 'p__Chordata', 'c__Aves', 'o__Charadriiformes', 'f__Scolopacidae', 'g__Scolopax', 's__Scolopax_rusticola']"
s__Columba_livia,0,0,0,0,0,3,0,0,0,0,0,0,0,0,0,0,0,0,0,118,29,0,82,118,0,0,0,0,0,0,0,0,0,0,0,0,0,0,0,0,0,0,0,0,0,0,0,0,0,0,0,0,0,0,0,0,0,0,0,0,0,0,0,0,0,0,0,0,0,40,0,0,0,0,0,0,0,0,0,0,0,0,0,0,0,0,0,0,0,0,0,0,0,0,0,0,0,0,0,0,0,0,0,0,0,0,0,0,0,0,0,0,0,0,0,0,0,0,0,0,0,0,0,0,0,0,0,0,0,0,0,0,0,0,0,0,0,0,0,0,0,0,0,0,0,0,0,0,0,0,0,0,"['sk__Eukaryota', 'k__Metazoa', 'p__Chordata', 'c__Aves', 'o__Columbiformes', 'f__Columbidae', 'g__Columba', 's__Columba_livia']"
s__Columba_oenas,0,0,0,0,10862,0,0,29,0,0,0,0,0,0,0,0,0,0,0,60,35,0,63,57,0,0,0,0,0,0,0,0,0,0,0,0,0,0,0,0,0,0,0,0,0,0,0,0,0,0,0,0,0,0,0,0,0,0,0,0,0,0,0,0,0,0,0,0,0,23,0,0,0,0,0,0,0,0,0,0,0,0,0,0,0,0,0,0,0,0,0,0,0,0,0,0,0,0,0,0,0,0,0,0,0,0,0,0,0,0,0,0,0,0,0,0,0,0,0,0,0,0,0,0,0,0,0,0,0,0,0,0,0,0,0,0,0,0,0,0,0,0,0,0,0,0,0,0,0,0,0,0,"['sk__Eukaryota', 'k__Metazoa', 'p__Chordata', 'c__Aves', 'o__Columbiformes', 'f__Columbidae', 'g__Columba', 's__Columba_oenas']"
s__Zenaida_macroura,0,0,0,0,0,0,0,0,0,0,0,0,0,0,0,0,0,0,0,0,0,0,0,0,0,0,0,0,0,0,0,0,0,0,0,0,0,0,0,0,0,0,0,0,0,0,0,0,0,0,0,0,0,0,0,0,0,0,0,0,0,0,0,0,0,0,0,0,0,0,0,0,0,0,0,0,0,0,0,0,0,0,0,0,0,0,0,0,0,0,0,0,0,0,0,0,0,0,0,0,0,0,0,0,30,0,0,0,0,0,0,0,0,0,0,0,0,0,0,0,0,0,0,0,0,0,0,0,0,0,0,0,0,0,0,0,0,0,0,0,0,0,0,0,0,0,0,0,0,0,0,0,"['sk__Eukaryota', 'k__Metazoa', 'p__Chordata', 'c__Aves', 'o__Columbiformes', 'f__Columbidae', 'g__Zenaida', 's__Zenaida_macroura']"
s__Alectoris_rufa,0,0,0,0,0,0,0,0,0,0,0,0,0,0,0,0,0,0,0,0,0,0,0,0,1839,0,0,0,0,0,0,0,0,0,0,0,0,0,0,0,0,0,0,0,0,0,0,0,0,0,0,0,0,0,0,0,0,0,0,0,0,0,0,0,0,0,0,0,0,0,0,0,0,0,0,0,0,0,0,0,0,0,0,0,0,0,0,0,0,0,0,0,0,0,0,0,0,0,0,0,0,0,0,0,0,0,0,0,0,0,0,0,0,0,0,0,0,0,0,0,0,0,0,0,0,0,0,0,0,0,0,0,0,0,0,0,0,0,0,0,0,0,0,0,0,0,0,0,0,0,0,0,"['sk__Eukaryota', 'k__Metazoa', 'p__Chordata', 'c__Aves', 'o__Galliformes', 'f__Phasianidae', 'g__Alectoris', 's__Alectoris_rufa']"
s__Phasianus_colchicus,0,0,0,0,0,0,0,0,0,0,0,0,0,0,0,202,0,0,0,0,0,0,0,7,0,0,3661,0,0,0,0,0,0,0,0,0,0,0,0,0,0,0,0,40,0,0,0,0,0,0,0,0,0,0,0,30,0,0,0,0,0,0,0,0,0,3,0,0,0,0,0,0,0,0,0,0,0,0,0,352,0,0,0,0,0,0,0,0,52197,0,0,0,0,0,0,0,0,0,0,0,0,0,0,0,0,0,0,0,0,132,9443,253,133,0,0,0,3692,0,0,0,0,0,0,0,0,0,0,0,0,0,0,0,0,102420,0,0,0,0,0,0,0,0,0,0,0,0,17,0,0,0,0,0,"['sk__Eukaryota', 'k__Metazoa', 'p__Chordata', 'c__Aves', 'o__Galliformes', 'f__Phasianidae', 'g__Phasianus', 's__Phasianus_colchicus']"
s__Fulica_atra,0,0,0,0,0,0,0,0,0,0,0,0,0,0,0,0,0,0,0,0,0,0,0,0,0,0,0,0,0,0,0,0,0,0,0,0,0,0,0,0,0,0,0,0,0,0,0,0,0,0,0,0,0,0,0,0,0,0,0,0,0,0,0,0,0,0,0,0,0,0,0,0,0,0,0,0,0,0,0,0,0,0,0,0,0,0,0,0,0,0,0,0,0,0,0,0,0,0,0,0,0,0,0,0,0,0,0,0,0,0,0,0,0,0,0,0,0,0,0,0,0,0,0,0,96373,1355,0,0,0,0,0,0,0,0,0,0,0,0,0,0,0,0,0,0,0,0,0,0,0,0,0,0,"['sk__Eukaryota', 'k__Metazoa', 'p__Chordata', 'c__Aves', 'o__Gruiformes', 'f__Rallidae', 'g__Fulica', 's__Fulica_atra']"
s__Gallinula_chloropus,0,0,3088,0,0,0,0,0,0,0,158,0,85,604,2906,0,0,0,0,0,0,0,0,0,0,0,0,0,0,0,0,0,0,0,0,0,0,0,0,0,0,0,0,0,0,0,0,0,0,0,0,0,0,0,0,0,0,0,0,0,0,0,0,0,0,0,0,0,0,0,0,0,0,0,11,0,0,3767,0,0,28057,1909,0,0,0,0,0,0,0,0,0,0,0,0,0,0,0,0,0,0,0,0,39741,0,0,0,0,18,0,0,0,0,0,0,0,0,0,0,0,0,0,0,0,0,0,0,0,0,0,0,0,0,0,0,0,0,0,0,0,0,0,0,0,0,0,99,0,0,0,0,0,0,"['sk__Eukaryota', 'k__Metazoa', 'p__Chordata', 'c__Aves', 'o__Gruiformes', 'f__Rallidae', 'g__Gallinula', 's__Gallinula_chloropus']"
s__Garrulus_glandarius,0,0,0,0,0,0,0,0,0,697,0,0,0,0,0,0,0,0,0,0,0,0,0,0,0,0,0,0,14752,0,0,0,0,0,0,0,0,0,0,0,0,0,0,0,0,0,0,0,0,0,0,0,0,0,0,0,0,0,0,0,0,0,0,0,0,0,0,0,0,0,0,0,0,0,0,0,0,0,0,0,0,0,0,0,0,0,0,0,0,0,0,0,0,0,0,0,0,0,0,0,0,0,0,0,0,0,0,0,0,0,0,0,0,0,0,0,0,0,0,0,0,0,0,0,0,0,0,0,0,0,0,0,0,0,0,0,0,0,0,0,0,0,0,0,0,0,0,0,0,0,0,0,"['sk__Eukaryota', 'k__Metazoa', 'p__Chordata', 'c__Aves', 'o__Passeriformes', 'f__Corvidae', 'g__Garrulus', 's__Garrulus_glandarius']"
s__Sturnus_vulgaris,0,0,0,0,0,0,0,0,0,0,0,0,0,0,0,0,0,0,0,0,0,0,0,0,0,0,0,0,0,0,0,0,0,0,0,0,0,0,0,0,0,0,0,0,0,0,0,0,0,0,0,0,0,0,0,0,0,0,0,0,0,0,0,0,0,0,0,0,0,0,0,0,0,0,0,0,0,0,0,0,0,0,0,0,0,0,0,0,0,0,0,0,0,0,0,0,0,0,0,0,0,0,0,0,0,0,0,0,0,9237,22366,0,0,0,103527,5,71380,475,31892,0,0,0,0,0,0,0,0,0,0,0,0,0,0,0,0,0,0,0,0,0,0,0,0,0,0,0,0,0,0,0,0,0,"['sk__Eukaryota', 'k__Metazoa', 'p__Chordata', 'c__Aves', 'o__Passeriformes', 'f__Sturnidae', 'g__Sturnus', 's__Sturnus_vulgaris']"
s__Turdus_philomelos,0,0,0,0,0,0,0,0,0,0,0,0,0,0,0,0,0,0,0,0,0,0,0,0,0,0,0,0,0,0,0,0,0,0,0,0,0,0,0,0,0,0,60,0,0,0,0,0,0,0,0,0,0,0,0,0,0,0,0,0,0,0,0,0,0,0,0,0,0,0,0,0,0,0,0,0,0,0,0,0,0,0,0,0,0,0,0,0,0,0,0,0,0,0,0,0,0,0,0,0,0,0,0,0,0,0,0,0,0,0,0,0,0,0,0,0,0,0,0,0,0,0,0,0,0,0,0,0,0,0,0,0,0,0,0,0,0,0,0,0,0,0,0,0,0,0,0,0,0,0,0,0,"['sk__Eukaryota', 'k__Metazoa', 'p__Chordata', 'c__Aves', 'o__Passeriformes', 'f__Turdidae', 'g__Turdus', 's__Turdus_philomelos']"
s__Canis_lupus,0,0,0,0,0,0,0,0,0,0,0,0,0,0,0,0,0,0,0,0,0,0,0,0,0,0,0,0,0,0,0,0,0,0,0,0,0,0,0,0,0,0,0,0,0,0,0,0,0,0,0,0,0,0,0,0,0,0,0,0,0,0,0,0,0,0,0,0,0,0,0,0,0,0,0,0,0,0,0,0,0,0,0,0,0,0,0,0,0,0,0,0,0,0,0,0,0,0,0,0,0,0,0,0,0,0,0,0,0,0,0,0,0,0,0,0,0,0,0,0,0,0,0,0,0,0,0,0,0,0,0,0,0,0,0,0,11,0,0,0,0,0,0,0,4,21,0,0,0,0,0,0,"['sk__Eukaryota', 'k__Metazoa', 'p__Chordata', 'c__Mammalia', 'o__Carnivora', 'f__Canidae', 'g__Canis', 's__Canis_lupus']"
s__Vulpes_vulpes,0,0,0,0,0,0,0,0,0,0,0,0,0,0,0,26734,0,0,0,0,0,0,0,0,0,0,0,0,0,0,0,0,0,0,0,0,0,0,0,0,0,0,0,0,0,0,0,47,0,0,0,0,0,0,0,0,0,0,0,0,0,0,0,0,0,0,0,0,0,0,0,0,0,0,0,0,0,5,0,0,3,0,0,0,0,0,0,0,0,0,0,0,0,0,0,48,0,0,0,0,0,0,0,0,85164,0,65,0,0,275,29524,141063,285,0,143,188488,12369,380,297,95944,0,0,35,45,0,11,0,0,0,52,0,0,0,0,0,0,0,0,0,0,0,0,0,0,0,0,0,0,0,0,0,0,"['sk__Eukaryota', 'k__Metazoa', 'p__Chordata', 'c__Mammalia', 'o__Carnivora', 'f__Canidae', 'g__Vulpes', 's__Vulpes_vulpes']"
s__Lutra_lutra,10,33669,23569,3060,16678,5194,53297,14555,31300,75630,16891,4785,37703,16082,29284,55,17511,20658,38453,18061,3338,0,7836,24591,4899,6129,4842,37292,172620,2292,0,0,0,0,0,0,0,0,0,0,0,0,38825,49,4485,14517,5745,15249,11881,19905,25205,66184,8950,734,127743,4762,29517,30488,90223,66728,7259,30195,12841,18081,27078,92211,57247,9658,9590,13810,0,1032,161,5481,2016,3231,14073,0,281,10,35211,5604,4691,1335,19583,54644,4078,2582,77337,32694,30546,6014,17513,3813,56,1894,24520,197,1457,24172,1819,136537,17602,0,9,0,12163,0,37344,988,239,0,217,17,40,4,113,9744,34,129,21024,37934,71,0,45,62,25,1479,32,15047,7855,120516,8944,378,8815,9856,48396,34766,137409,148,0,0,0,0,0,0,0,0,0,0,0,0,"['sk__Eukaryota', 'k__Metazoa', 'p__Chordata', 'c__Mammalia', 'o__Carnivora', 'f__Mustelidae', 'g__Lutra', 's__Lutra_lutra']"
s__Meles_meles,0,0,0,0,0,0,0,0,0,0,0,0,0,0,0,0,0,0,0,0,0,0,0,0,0,0,0,0,0,0,0,0,0,0,0,0,0,0,0,0,0,0,0,0,0,0,0,8,0,0,0,0,0,0,0,0,0,0,0,0,0,0,0,0,0,0,0,0,0,0,0,0,0,0,0,0,0,0,0,0,0,0,0,0,0,0,0,0,0,0,0,0,0,0,0,0,0,0,0,0,0,0,0,0,0,0,0,0,0,0,0,0,0,0,0,0,0,0,0,0,0,0,0,0,0,0,0,0,0,0,0,0,0,0,0,0,0,0,0,0,0,0,0,0,0,0,0,0,0,0,0,0,"['sk__Eukaryota', 'k__Metazoa', 'p__Chordata', 'c__Mammalia', 'o__Carnivora', 'f__Mustelidae', 'g__Meles', 's__Meles_meles']"
s__Mustela_putorius,0,0,0,0,0,0,0,0,5,0,0,0,22,0,0,156,0,0,0,0,475,0,0,0,0,0,0,0,0,0,0,0,0,0,0,0,0,0,0,0,0,0,0,186424,0,0,0,0,0,0,0,0,0,0,0,0,0,0,0,0,0,0,0,0,0,0,0,0,0,0,0,0,75,0,0,0,0,0,0,0,0,0,0,0,0,0,0,0,0,0,0,0,0,0,0,0,0,0,0,0,0,0,0,0,0,0,0,0,0,0,0,0,0,0,0,0,0,0,0,0,0,0,0,0,0,0,0,0,0,0,0,0,0,0,0,0,0,0,0,0,0,0,0,0,0,0,0,0,0,0,0,0,"['sk__Eukaryota', 'k__Metazoa', 'p__Chordata', 'c__Mammalia', 'o__Carnivora', 'f__Mustelidae', 'g__Mustela', 's__Mustela_putorius']"
s__Neovison_vison,36575,0,177,0,0,0,0,0,12,4,0,0,13,13,78,30,0,0,0,15,7,7881,0,0,0,0,0,67,6,10,0,0,0,0,0,0,0,0,0,0,3,0,0,0,0,0,0,0,0,0,0,0,0,0,0,0,0,0,0,0,0,0,0,0,0,4,0,0,0,0,1244,0,0,0,0,0,0,45928,7470,165951,0,149,0,0,0,4,0,0,8,0,0,0,0,0,0,0,0,11,0,0,344,0,0,0,0,0,0,0,141,13599,6809,39,0,115883,128906,16,32898,239,36155,40,0,6,25913,1939,25561,27246,0,0,18821,0,0,0,0,0,0,0,0,0,0,0,56,0,0,0,0,0,0,0,0,0,0,0,"['sk__Eukaryota', 'k__Metazoa', 'p__Chordata', 'c__Mammalia', 'o__Carnivora', 'f__Mustelidae', 'g__Neovison', 's__Neovison_vison']"
s__Neomys_fodiens,0,0,40,0,0,0,0,0,0,0,0,0,4,0,0,0,0,0,0,0,0,1759,0,0,0,0,0,0,0,12,0,0,0,0,0,0,0,0,0,0,0,0,0,0,0,0,0,0,0,0,0,0,0,0,0,0,0,0,0,0,0,0,0,0,0,0,0,0,0,0,0,0,0,0,0,0,0,0,0,0,0,0,0,0,0,0,0,0,0,0,0,0,0,0,0,0,0,0,0,0,0,0,0,0,0,0,0,0,0,0,0,0,0,0,0,0,4,0,0,12,0,0,0,0,0,133994,0,0,386,0,0,0,0,0,0,0,0,0,0,0,0,0,0,0,0,0,0,0,0,0,0,0,"['sk__Eukaryota', 'k__Metazoa', 'p__Chordata', 'c__Mammalia', 'o__Insectivora', 'f__Soricidae', 'g__Neomys', 's__Neomys_fodiens']"
s__Sorex_araneus,0,0,0,0,0,0,0,0,0,0,0,0,0,0,0,0,0,0,0,0,0,0,0,0,0,0,0,0,0,0,0,0,0,0,0,0,0,0,0,0,0,0,0,0,0,0,0,0,0,0,0,0,0,0,0,0,0,0,0,0,0,0,0,0,0,0,0,0,0,0,0,0,0,0,0,0,0,0,0,0,0,0,0,0,0,0,0,0,0,0,0,0,0,0,0,0,0,0,0,0,0,0,0,0,0,0,0,0,0,0,0,0,0,0,0,0,0,0,0,0,0,0,0,0,15,0,0,0,31,0,0,0,0,0,0,0,0,0,0,0,0,0,0,0,0,0,0,0,0,0,0,0,"['sk__Eukaryota', 'k__Metazoa', 'p__Chordata', 'c__Mammalia', 'o__Insectivora', 'f__Soricidae', 'g__Sorex', 's__Sorex_araneus']"
s__Talpa_europaea,0,0,0,0,0,0,0,0,0,0,0,0,0,0,0,0,0,0,0,0,0,0,0,0,0,0,0,0,0,0,0,0,0,0,0,0,0,0,0,0,0,0,0,0,0,0,0,0,0,0,0,0,0,0,0,0,0,0,0,0,0,0,0,0,0,0,0,0,0,0,0,0,0,0,0,0,0,0,0,0,0,0,0,0,0,0,0,0,0,0,0,0,0,0,0,0,0,0,0,0,0,0,0,0,0,0,0,0,0,0,19,0,0,0,0,0,0,0,0,0,0,0,0,0,0,0,0,0,0,0,0,0,0,0,0,0,0,0,0,0,0,0,0,0,0,0,0,0,0,0,0,0,"['sk__Eukaryota', 'k__Metazoa', 'p__Chordata', 'c__Mammalia', 'o__Insectivora', 'f__Talpidae', 'g__Talpa', 's__Talpa_europaea']"
s__Lepus_europaeus,0,0,0,0,0,0,0,0,0,0,0,0,0,0,0,0,0,0,0,0,0,0,0,0,0,0,0,0,0,0,0,0,0,0,0,0,0,0,0,0,0,0,0,0,0,0,0,0,0,0,0,0,0,0,0,0,0,0,0,0,0,0,0,0,0,0,0,0,0,0,0,0,0,0,0,0,0,0,0,0,0,0,0,0,0,0,0,0,0,0,0,0,0,0,0,0,0,0,0,0,0,0,0,0,0,0,0,0,0,0,0,0,0,0,0,0,0,0,1894,0,0,0,0,0,0,0,0,0,0,0,0,0,0,0,0,0,0,0,0,0,0,0,0,0,0,0,0,0,0,0,0,0,"['sk__Eukaryota', 'k__Metazoa', 'p__Chordata', 'c__Mammalia', 'o__Lagomorpha', 'f__Leporidae', 'g__Lepus', 's__Lepus_europaeus']"
s__Oryctolagus_cuniculus,0,0,0,0,0,0,0,0,0,0,0,0,0,0,0,0,0,0,0,0,0,0,0,0,0,0,0,0,0,0,0,0,0,0,0,0,0,0,0,0,0,0,0,0,0,0,0,0,0,0,0,0,0,0,0,0,0,0,0,0,0,0,0,0,0,0,0,0,0,0,0,0,0,0,0,0,0,0,0,0,0,0,0,0,0,0,0,0,0,0,0,0,0,0,0,0,0,0,0,0,0,0,0,0,0,0,0,0,0,163,0,0,0,0,0,40190,0,0,101,59966,0,0,0,0,0,3,0,0,0,0,0,0,0,0,0,0,0,0,0,0,0,0,0,0,0,0,0,0,0,0,0,0,"['sk__Eukaryota', 'k__Metazoa', 'p__Chordata', 'c__Mammalia', 'o__Lagomorpha', 'f__Leporidae', 'g__Oryctolagus', 's__Oryctolagus_cuniculus']"
s__Homo_sapiens,487,51,1750,627,37,588,133,116,317,446,51,766,232,287,237,728,36,0,64,389,250,645,58,9,309,466,814,571,103,926,289,0,0,0,0,12,0,44,1532,583,0,0,802,112,13,188,11,38,4,14,35,34,88,10,5,56,245,115,138,65,56,827,35,17,10,23,197,42,21,281,178,844,835,1455,152,68,206,301,222,61,143,628,1726,546,1007,264,343,500,416,514,1293,178,465,448,1156,644,2737,423,353,559,259,437,2962,112,88,71,3820,196,1154,1448,351,283,225,19,41,141,243,1818,3115,419,123,733,755,826,96,1163,0,496,55,321,478,1104,460,10289,577,402,2925,1029,196,243,367,185,0,675,55,483,221,88,66,1864,155476,759,"['sk__Eukaryota', 'k__Metazoa', 'p__Chordata', 'c__Mammalia', 'o__Primates', 'f__Hominidae', 'g__Homo', 's__Homo_sapiens']"
s__Arvicola_amphibius,0,0,0,0,0,0,0,0,0,0,0,0,0,0,0,0,0,0,0,0,0,0,0,0,0,0,0,0,0,0,0,0,0,0,0,0,0,0,0,0,0,0,0,0,0,0,0,0,0,0,0,0,0,0,0,0,0,0,0,0,0,0,0,0,0,0,0,0,0,0,0,0,0,0,0,0,0,24923,0,0,0,132,0,0,0,0,0,0,0,0,0,0,0,0,0,0,0,0,0,0,0,0,0,0,0,0,0,0,0,0,0,0,0,0,0,0,0,0,0,10,0,0,24,10270,0,0,0,0,0,0,0,0,0,0,0,0,0,0,0,0,0,0,0,0,0,0,0,0,0,0,0,0,"['sk__Eukaryota', 'k__Metazoa', 'p__Chordata', 'c__Mammalia', 'o__Rodentia', 'f__Cricetidae', 'g__Arvicola', 's__Arvicola_amphibius']"
s__Microtus_agrestis,0,0,0,0,0,0,0,0,0,0,0,0,0,0,0,0,0,0,0,0,0,0,0,0,0,0,0,0,0,0,0,0,0,0,0,0,0,0,0,0,0,0,0,0,0,0,0,0,0,0,0,0,0,0,0,0,0,0,0,0,0,0,0,0,0,0,0,0,0,0,0,0,0,0,0,0,0,0,0,0,0,0,0,0,0,0,0,0,0,0,0,0,0,0,0,0,0,0,0,0,0,0,0,0,18,0,0,0,0,0,0,0,0,0,0,0,0,0,0,0,0,0,22,0,0,0,0,0,0,0,0,0,0,0,0,0,0,0,0,0,0,0,0,0,0,0,0,0,0,0,0,0,"['sk__Eukaryota', 'k__Metazoa', 'p__Chordata', 'c__Mammalia', 'o__Rodentia', 'f__Cricetidae', 'g__Microtus', 's__Microtus_agrestis']"
s__Myodes_glareolus,0,0,0,0,0,0,0,0,0,0,0,0,0,0,0,0,0,0,0,0,0,0,0,0,0,0,0,0,0,0,0,0,0,0,0,0,0,0,0,0,0,0,0,0,0,0,0,0,0,0,0,0,0,0,0,0,0,0,0,0,0,0,0,0,0,0,0,0,0,0,0,0,0,0,0,0,0,0,140,0,0,0,0,0,0,0,0,0,0,0,0,0,0,0,0,0,0,0,0,0,0,0,0,0,0,0,0,0,0,114,8295,2863,97,0,0,0,3472,0,0,0,0,0,0,0,0,0,0,0,0,0,0,0,0,0,7,0,0,0,0,0,0,0,0,0,0,0,0,0,0,0,0,0,"['sk__Eukaryota', 'k__Metazoa', 'p__Chordata', 'c__Mammalia', 'o__Rodentia', 'f__Cricetidae', 'g__Myodes', 's__Myodes_glareolus']"
s__Micromys_minutus,0,0,0,0,0,0,0,0,0,0,0,0,0,0,0,0,0,0,0,0,0,0,0,0,0,0,0,0,0,0,0,0,0,0,0,0,0,0,0,0,0,0,0,0,0,0,0,0,0,0,0,0,0,0,0,0,0,0,0,0,0,0,0,0,0,0,0,0,0,0,0,0,0,0,0,0,0,0,0,0,0,0,0,0,0,0,0,0,0,0,0,0,0,0,0,0,0,0,0,0,0,0,0,0,0,0,0,0,0,0,0,0,0,0,0,0,0,0,0,0,0,0,0,0,101,0,0,0,0,0,0,0,0,0,0,0,0,0,0,0,0,0,0,0,0,0,0,0,0,0,0,0,"['sk__Eukaryota', 'k__Metazoa', 'p__Chordata', 'c__Mammalia', 'o__Rodentia', 'f__Muridae', 'g__Micromys', 's__Micromys_minutus']"
s__Rattus_norvegicus,2991,0,75,0,0,0,0,0,0,0,0,0,7,0,0,6,0,0,0,0,0,1570,0,0,6,0,0,0,0,0,0,0,0,0,0,0,0,0,0,0,0,0,0,4,0,0,0,0,0,0,0,0,0,0,0,0,0,0,0,0,0,0,0,0,0,0,0,0,0,0,0,0,0,0,0,0,0,0,0,0,312,0,0,0,0,0,0,0,0,0,0,0,0,0,0,0,0,0,0,0,0,0,0,1217,0,2534,0,4921,0,0,0,0,0,0,0,0,0,0,0,0,0,0,0,0,0,0,0,0,0,0,0,0,0,0,0,0,0,0,0,0,2235,559,0,0,22,102,0,21,2758,1213,7,10,"['sk__Eukaryota', 'k__Metazoa', 'p__Chordata', 'c__Mammalia', 'o__Rodentia', 'f__Muridae', 'g__Rattus', 's__Rattus_norvegicus']"
s__Sciurus_carolinensis,0,0,21,0,0,0,12,0,0,0,0,0,0,0,0,0,0,0,0,0,0,0,0,0,0,0,0,0,0,0,0,0,0,0,0,0,0,0,0,0,0,0,0,0,0,0,0,0,0,0,0,0,0,0,0,0,0,0,0,0,0,0,0,0,0,0,0,0,0,0,0,0,0,0,0,0,0,0,0,0,0,0,0,0,0,0,0,0,0,0,0,0,0,0,0,0,0,0,0,0,0,0,0,0,0,0,0,0,0,0,0,0,0,0,0,0,0,0,0,0,0,0,0,0,0,0,0,0,0,0,0,0,0,0,0,0,0,0,0,0,0,0,0,0,0,0,0,0,0,0,0,0,"['sk__Eukaryota', 'k__Metazoa', 'p__Chordata', 'c__Mammalia', 'o__Rodentia', 'f__Sciuridae', 'g__Sciurus', 's__Sciurus_carolinensis']"
s__Bos_taurus,0,0,77,0,0,0,0,0,8,0,0,0,0,0,0,16,0,18,0,0,0,0,0,0,0,0,0,0,0,0,0,0,0,0,0,0,0,0,0,0,0,0,0,0,0,0,0,0,0,0,0,0,0,0,0,0,0,0,0,0,0,53,0,0,0,0,0,0,0,0,0,0,0,0,0,0,0,0,0,0,0,0,0,0,0,0,0,0,0,0,386,23,50,54,2712,0,0,0,0,0,0,7,7,0,7,0,65,0,0,0,0,0,0,0,0,0,0,0,10,0,0,0,0,0,0,0,0,0,0,0,104,0,22,500,0,5,75,16,80,0,0,0,0,0,0,0,45,0,0,0,0,15,"['sk__Eukaryota', 'k__Metazoa', 'p__Chordata', 'c__Mammalia', 'o__unknown', 'f__Bovidae', 'g__Bos', 's__Bos_taurus']"
s__Capreolus_capreolus,0,0,0,0,0,0,0,0,0,0,0,0,0,0,0,0,0,0,0,0,0,0,0,0,0,0,0,0,0,0,0,0,0,0,0,0,0,0,0,0,0,0,0,0,0,0,0,0,0,0,0,0,0,0,0,0,0,0,0,0,0,0,0,0,0,0,0,0,0,0,0,0,0,0,0,0,0,0,0,0,0,0,0,0,0,0,0,0,0,0,0,0,0,0,0,0,0,0,0,0,0,0,0,0,0,0,0,0,0,0,0,0,0,27,0,737,0,0,0,3,0,0,0,0,0,0,0,0,0,0,0,0,0,0,0,0,0,0,0,0,0,0,0,0,0,0,0,0,0,0,0,0,"['sk__Eukaryota', 'k__Metazoa', 'p__Chordata', 'c__Mammalia', 'o__unknown', 'f__Cervidae', 'g__Capreolus', 's__Capreolus_capreolus']"
s__Sus_scrofa,0,0,0,0,0,0,0,14,0,23,0,0,0,0,0,0,0,0,0,0,0,0,0,0,0,0,0,0,0,0,0,0,0,0,0,0,0,0,0,0,0,0,60,0,0,0,0,0,0,0,3,0,0,0,0,0,0,28,0,14,0,0,0,0,0,0,0,3,0,0,0,0,0,0,0,0,0,0,0,0,0,0,0,0,0,0,0,0,0,0,836,96,43,200,5898,0,0,0,0,13,0,26,93,0,0,3,34,35,0,0,10,0,0,0,0,0,9,0,28,0,0,0,0,12,0,0,0,0,0,115,1017,164,53,6007,541,158,348,981,295,0,0,0,0,0,0,0,0,0,0,0,0,0,"['sk__Eukaryota', 'k__Metazoa', 'p__Chordata', 'c__Mammalia', 'o__unknown', 'f__Suidae', 'g__Sus', 's__Sus_scrofa']"
s__Lampetra_fluviatilis,0,0,0,5,0,0,941,0,0,0,0,0,0,0,0,0,0,167,92,0,0,0,19,1347,0,234,0,0,0,0,0,0,0,0,0,0,0,0,0,0,0,0,0,0,0,0,0,0,0,0,0,0,0,0,0,0,0,0,0,0,0,0,0,0,0,0,0,0,0,0,0,0,0,0,0,0,0,0,0,0,0,0,0,0,0,0,0,0,187,3,0,0,0,0,273,0,0,0,0,0,0,0,0,0,0,0,0,0,0,0,0,0,4556,0,0,0,0,60,0,0,0,0,0,0,0,0,0,0,0,0,0,0,0,0,0,0,1076,0,0,0,0,0,0,0,0,0,0,0,0,0,0,0,"['sk__Eukaryota', 'k__Metazoa', 'p__Chordata', 'c__unknown', 'o__Petromyzontiformes', 'f__Petromyzontidae', 'g__Lampetra', 's__Lampetra_fluviatilis']"
g__Pelophylax,0,0,0,0,0,0,0,0,0,0,0,0,0,0,0,0,0,0,0,0,0,0,0,0,0,0,0,0,0,0,0,0,0,0,0,0,0,0,0,0,0,0,0,0,0,0,0,0,0,0,0,0,0,0,0,0,0,0,0,0,0,0,0,0,0,0,0,0,0,0,0,0,0,0,0,0,0,0,0,0,0,0,0,0,0,0,0,0,0,0,0,0,0,0,0,0,0,0,0,0,25,0,122,0,0,0,62,0,0,0,0,0,0,0,0,0,0,0,0,0,0,0,0,0,0,0,0,0,0,0,0,0,0,0,0,0,0,0,0,0,0,0,0,0,0,0,0,0,0,0,0,0,"['sk__Eukaryota', 'k__Metazoa', 'p__Chordata', 'c__Amphibia', 'o__Anura', 'f__Ranidae', 'g__Pelophylax']"
g__Anas,0,0,0,0,0,0,0,0,0,0,0,0,0,0,0,0,0,0,0,0,149,0,6,0,0,0,0,0,0,0,0,0,0,0,0,0,0,0,0,0,0,0,0,0,1521,711,0,26,0,0,0,0,0,0,0,0,0,0,0,0,0,0,74,0,0,0,0,251,41,0,0,0,0,0,0,0,6,0,0,0,0,0,0,248,0,0,0,0,0,0,0,0,0,0,0,0,0,0,0,0,0,14725,0,0,0,0,0,0,0,0,0,0,0,89445,6,6,0,0,0,0,0,0,908,0,0,0,0,0,21,0,0,0,0,0,0,0,0,0,0,0,0,0,0,0,0,0,17,0,0,0,0,0,"['sk__Eukaryota', 'k__Metazoa', 'p__Chordata', 'c__Aves', 'o__Anseriformes', 'f__Anatidae', 'g__Anas']"
g__Aythya,0,0,0,0,0,0,0,0,0,0,0,0,0,0,0,0,0,0,0,0,0,0,0,0,0,0,0,0,0,0,0,0,0,0,0,0,0,0,0,0,0,0,0,0,0,0,0,0,0,0,0,0,0,0,0,0,0,0,0,0,0,0,0,0,0,0,0,0,0,0,0,0,0,0,0,0,0,0,0,0,0,0,0,0,0,0,0,0,0,0,0,0,0,0,0,0,0,0,0,0,0,3426,468,0,0,0,0,0,0,0,0,0,0,0,0,0,0,0,0,0,0,0,0,0,0,0,0,0,0,0,0,0,0,0,0,0,0,0,0,0,0,0,0,0,0,0,0,0,0,0,0,0,"['sk__Eukaryota', 'k__Metazoa', 'p__Chordata', 'c__Aves', 'o__Anseriformes', 'f__Anatidae', 'g__Aythya']"
g__Tringa,0,0,0,0,0,0,0,0,0,0,0,0,0,0,0,0,0,0,0,0,0,0,0,0,0,0,0,0,0,0,0,0,0,0,0,0,0,0,0,0,0,0,0,0,0,0,0,0,0,0,0,0,0,0,0,0,0,0,0,0,0,0,0,0,0,0,1091,0,0,0,0,0,0,0,0,0,0,0,0,0,0,0,0,0,0,0,0,0,0,0,0,0,0,0,0,0,0,0,0,0,0,0,0,0,0,0,0,0,0,0,0,0,0,0,0,0,0,0,0,0,0,0,0,0,0,0,0,0,0,0,0,0,0,0,0,0,0,0,0,0,0,0,0,0,0,0,0,0,0,0,0,0,"['sk__Eukaryota', 'k__Metazoa', 'p__Chordata', 'c__Aves', 'o__Charadriiformes', 'f__Scolopacidae', 'g__Tringa']"
g__Columba,0,1465,0,0,13,4831,0,0,15,0,0,10,62,40,0,18,1394,27,3,98534,55806,0,92167,179055,9509,0,0,0,13,0,0,0,0,0,0,0,0,0,0,0,0,0,0,8,0,0,0,0,0,0,0,0,0,0,3,0,0,0,0,0,0,0,0,0,0,0,0,0,0,55329,2254,0,0,41,8,0,20,0,0,0,0,0,0,0,0,0,0,0,32,0,0,0,0,0,0,0,0,0,0,0,0,0,0,6,0,0,0,0,0,0,0,138,0,0,0,0,0,0,0,0,0,0,0,0,0,0,0,0,0,0,0,0,0,0,0,0,0,0,0,0,0,0,0,0,0,0,0,0,20,0,4,135,"['sk__Eukaryota', 'k__Metazoa', 'p__Chordata', 'c__Aves', 'o__Columbiformes', 'f__Columbidae', 'g__Columba']"
g__Fulica,0,0,0,0,0,0,0,0,0,0,0,0,0,0,0,0,0,0,0,0,0,0,0,0,0,0,0,0,0,0,0,0,0,0,0,0,0,0,0,0,0,0,0,0,0,0,0,0,0,0,0,0,0,0,0,0,0,0,0,0,0,0,0,0,0,0,0,0,0,0,0,0,0,0,0,0,0,0,0,0,0,0,0,0,0,0,0,0,0,0,0,0,0,0,0,0,0,0,0,0,0,0,0,0,0,0,0,0,0,0,0,0,0,0,0,0,5,0,0,0,0,0,0,0,21281,31,0,0,0,0,0,0,0,0,0,0,0,0,0,0,0,0,0,0,0,0,0,0,0,0,0,0,"['sk__Eukaryota', 'k__Metazoa', 'p__Chordata', 'c__Aves', 'o__Gruiformes', 'f__Rallidae', 'g__Fulica']"
g__Turdus,0,0,0,0,0,0,0,0,0,0,0,0,0,0,0,0,0,0,0,0,0,0,0,0,0,0,0,0,0,0,0,0,0,0,0,0,0,0,0,0,0,0,0,0,0,0,0,0,0,0,0,0,0,0,0,0,0,0,0,0,0,0,0,0,0,0,0,0,0,0,0,0,0,0,0,0,0,0,0,0,0,0,0,0,0,0,0,0,0,0,0,0,0,0,0,0,0,0,0,0,0,0,0,0,0,0,0,0,0,0,0,0,0,0,3,16,0,0,0,0,0,0,0,0,0,0,0,0,0,0,0,0,0,0,0,0,0,0,0,0,0,0,0,0,0,0,0,30,0,0,0,26,"['sk__Eukaryota', 'k__Metazoa', 'p__Chordata', 'c__Aves', 'o__Passeriformes', 'f__Turdidae', 'g__Turdus']"
g__Mustela,0,0,0,0,0,0,0,0,0,0,0,0,0,0,0,12,0,0,0,0,0,0,0,0,0,0,0,0,0,0,0,0,0,0,0,0,0,0,0,0,0,0,0,6775,0,0,0,0,0,0,0,0,0,0,0,0,0,0,0,0,0,0,0,0,0,0,0,0,0,0,0,0,0,0,0,0,0,0,0,0,0,0,0,0,0,0,0,0,0,0,0,0,0,0,0,0,0,0,0,0,0,0,0,0,0,0,0,0,0,0,0,0,0,0,0,0,0,0,0,0,0,0,0,0,0,0,0,0,0,0,0,0,0,0,0,0,0,0,0,0,0,0,0,0,0,0,0,0,0,0,0,0,"['sk__Eukaryota', 'k__Metazoa', 'p__Chordata', 'c__Mammalia', 'o__Carnivora', 'f__Mustelidae', 'g__Mustela']"
g__Sorex,0,0,0,0,0,0,0,0,0,0,0,0,0,0,0,0,0,0,0,0,0,0,0,0,0,0,0,0,0,0,0,0,0,0,0,0,0,0,0,0,0,0,0,0,0,0,0,0,0,0,0,0,0,0,0,0,0,0,0,0,0,0,0,0,0,0,0,0,0,0,0,0,0,0,0,0,0,0,0,0,0,0,0,0,0,0,0,0,0,0,0,0,0,0,0,0,0,0,0,0,0,0,0,0,0,0,0,0,0,0,0,0,0,0,0,0,0,0,0,0,0,0,0,0,8,0,0,0,7,0,0,0,0,0,0,0,0,0,0,0,0,0,0,0,0,0,0,0,0,0,0,0,"['sk__Eukaryota', 'k__Metazoa', 'p__Chordata', 'c__Mammalia', 'o__Insectivora', 'f__Soricidae', 'g__Sorex']"
g__Lepus,0,0,0,0,0,0,0,0,0,0,0,0,0,0,0,0,0,0,0,0,0,0,0,0,0,0,0,0,0,0,0,0,0,0,0,0,0,0,0,0,0,0,0,0,0,0,0,0,0,0,0,0,0,0,0,0,0,0,0,0,0,0,0,0,0,0,0,0,0,0,0,0,0,0,0,0,0,0,0,0,0,0,0,0,0,0,0,0,0,0,0,0,0,0,0,0,0,0,0,0,0,0,0,0,0,0,0,0,0,0,0,0,0,0,0,0,0,0,221,0,0,0,0,0,0,0,0,0,0,0,0,0,0,0,0,0,0,0,0,0,0,0,0,0,0,0,0,0,0,0,0,0,"['sk__Eukaryota', 'k__Metazoa', 'p__Chordata', 'c__Mammalia', 'o__Lagomorpha', 'f__Leporidae', 'g__Lepus']"
g__Microtus,0,0,0,0,0,0,0,0,0,0,0,0,0,0,0,5,3,0,0,0,10,0,0,0,0,0,0,0,0,0,0,0,0,0,0,0,0,0,0,0,0,0,0,5558,0,0,0,0,0,0,0,0,0,0,0,0,0,0,0,0,0,0,0,0,0,0,0,0,0,0,0,0,0,0,0,0,0,0,0,0,0,0,0,0,0,0,0,0,0,0,0,0,0,0,0,0,52,0,0,0,0,0,0,0,44826,0,34,0,0,0,171,7690,0,0,0,0,16,85,9,7,0,0,43365,0,7,0,0,0,0,0,0,0,0,0,0,0,0,0,0,0,0,0,0,0,0,0,0,0,0,0,0,0,"['sk__Eukaryota', 'k__Metazoa', 'p__Chordata', 'c__Mammalia', 'o__Rodentia', 'f__Cricetidae', 'g__Microtus']"
g__Apodemus,0,0,0,0,0,0,0,0,0,0,0,0,0,0,0,50,0,0,0,0,0,0,0,0,0,0,0,0,0,0,0,0,0,0,0,0,0,0,0,0,0,0,0,0,0,0,0,0,0,0,0,0,0,0,0,0,0,0,0,0,0,0,0,0,0,0,0,0,0,0,0,0,0,0,0,0,0,0,0,0,0,0,0,0,0,0,0,0,0,0,0,0,0,0,0,0,0,0,0,0,0,0,0,0,0,5,0,0,0,0,0,22,0,0,0,0,0,0,0,0,0,0,0,0,0,0,0,0,88,0,0,0,0,0,0,0,0,0,0,0,0,0,0,0,0,0,0,0,0,0,0,0,"['sk__Eukaryota', 'k__Metazoa', 'p__Chordata', 'c__Mammalia', 'o__Rodentia', 'f__Muridae', 'g__Apodemus']"
g__Rattus,163,0,0,0,0,0,0,0,0,0,0,0,0,0,0,0,0,0,0,0,0,169,0,0,0,0,0,0,0,0,0,0,0,0,0,0,0,0,0,0,0,0,0,0,0,0,0,0,0,0,0,0,0,0,0,0,0,0,0,0,0,0,0,0,0,0,0,0,0,0,0,0,0,0,0,0,0,0,0,0,54,0,0,0,0,0,0,0,0,0,0,0,0,0,0,0,0,0,0,0,0,0,0,147,0,9,0,741,0,0,0,0,0,0,0,0,0,0,0,0,0,0,0,0,0,0,0,0,0,0,0,0,0,0,0,0,0,0,0,0,295,0,0,0,0,18,0,0,384,139,0,0,"['sk__Eukaryota', 'k__Metazoa', 'p__Chordata', 'c__Mammalia', 'o__Rodentia', 'f__Muridae', 'g__Rattus']"
f__Cyprinidae,0,0,0,0,0,0,0,0,0,0,8835,700,9093,4595,601,0,0,0,0,0,0,0,0,211,391,53,0,0,0,0,0,0,0,0,0,0,0,0,0,0,0,0,609,0,0,0,0,0,0,0,0,0,0,0,0,0,0,0,0,0,0,0,0,0,0,0,0,0,0,0,0,0,0,0,5830,213,4682,0,0,0,0,0,0,0,0,0,83,0,0,26017,394,884,0,113,0,0,0,0,0,1083,0,254,134,0,0,11,0,0,0,0,0,0,0,0,0,0,0,122,41,0,32,0,0,0,0,0,0,0,0,728,260,1043,556,0,857,0,0,0,11842,0,0,0,0,0,0,0,0,0,0,5,0,0,"['sk__Eukaryota', 'k__Metazoa', 'p__Chordata', 'c__Actinopteri', 'o__Cypriniformes', 'f__Cyprinidae']"
f__Gasterosteidae,6,15477,1637,700,0,640,151,0,1525,308,3674,2604,249,1544,1532,0,653,1008,160,141,12,0,0,2680,328,4303,4786,12944,169,0,0,0,0,0,0,0,0,0,0,0,0,0,9648,0,0,0,0,12,0,386,0,0,0,0,0,0,0,0,0,105,660,0,0,0,0,0,0,852,8028,3109,0,208,121,0,0,9326,692,0,735,0,8129,3,960,1055,181,822,1497,228,0,14446,5296,30802,0,7172,78,0,1252,0,0,497,184,641,2483,0,0,0,790,0,953,0,0,0,34,0,0,0,0,0,0,0,3428,723,0,0,0,0,71,14,0,48347,7028,8,24852,61,18873,34660,3101,11573,0,167,0,0,0,0,0,0,0,0,0,0,0,0,"['sk__Eukaryota', 'k__Metazoa', 'p__Chordata', 'c__Actinopteri', 'o__Perciformes', 'f__Gasterosteidae']"
f__Percidae,0,0,0,0,0,0,0,0,0,1628,0,0,0,0,0,0,6,3,0,0,0,0,0,0,0,0,0,0,2831,0,0,0,0,0,0,3,0,0,0,6,0,5,0,0,268,3932,8,43335,1792,61189,267,7084,862,610,105,0,57771,29185,6466,1432,2083,9060,302,5602,18667,29480,4264,27382,1530,1911,0,0,0,0,37,0,0,0,0,0,2171,0,0,0,0,0,0,3073,3,0,0,3,8447,174,0,0,3393,0,0,0,0,0,0,0,0,0,21518,0,159913,0,0,0,0,0,0,0,3,0,0,11,128201,56905,0,0,0,26,26,0,0,3,112,0,0,0,278,721,0,0,0,0,0,0,0,0,0,0,0,0,0,0,0,0,"['sk__Eukaryota', 'k__Metazoa', 'p__Chordata', 'c__Actinopteri', 'o__Perciformes', 'f__Percidae']"
f__Salmonidae,0,0,0,0,0,359,3,0,0,0,0,0,0,0,0,0,0,0,0,0,0,0,0,0,0,0,0,49,0,0,0,0,0,0,0,0,0,0,0,0,0,0,0,0,0,0,0,0,0,0,0,0,0,0,0,0,0,0,0,0,0,0,0,0,0,0,0,0,0,12,0,0,0,0,0,0,0,3,0,3,43,0,0,0,44,0,532,1254,13374,0,0,0,0,0,0,0,0,0,0,0,0,0,0,0,0,0,0,0,0,0,0,0,0,0,0,0,0,0,0,0,0,0,0,0,0,0,0,0,0,0,0,0,0,0,0,0,0,0,0,0,0,0,0,0,0,0,0,0,0,0,0,0,"['sk__Eukaryota', 'k__Metazoa', 'p__Chordata', 'c__Actinopteri', 'o__Salmoniformes', 'f__Salmonidae']"
f__Anatidae,0,0,0,0,0,0,0,0,0,0,0,0,0,0,0,0,0,0,0,0,0,0,0,0,0,0,0,0,0,0,0,0,0,0,0,0,0,0,0,0,0,0,0,0,257,165,0,2420,500,0,554,0,0,0,0,0,8,0,0,0,65,0,3891,0,0,0,0,890,61,0,0,0,0,0,0,0,0,0,0,0,0,0,0,0,0,0,0,0,0,0,0,0,0,0,0,0,0,0,0,0,0,1811,16,0,0,0,0,0,0,91,0,0,0,5155,19,75219,0,0,0,11928,0,0,202,0,0,0,0,0,0,22,0,0,0,0,0,0,0,0,0,0,0,0,0,0,0,0,0,0,0,0,0,0,"['sk__Eukaryota', 'k__Metazoa', 'p__Chordata', 'c__Aves', 'o__Anseriformes', 'f__Anatidae']"
f__Charadriidae,0,0,0,0,0,0,0,0,0,0,0,0,0,0,0,0,0,0,0,0,0,0,0,0,0,0,0,0,0,0,0,0,0,0,0,0,0,0,0,0,0,0,0,0,0,0,325,0,0,0,0,0,0,0,0,0,0,0,0,0,0,0,0,0,0,0,0,0,0,0,0,0,0,0,0,0,0,0,0,0,0,0,0,0,0,0,0,0,0,0,0,0,0,0,0,0,0,0,0,0,0,0,0,0,0,0,0,0,0,0,0,0,0,0,0,0,0,0,0,0,0,0,0,0,0,0,0,0,0,0,0,0,0,0,0,0,0,0,0,0,0,0,0,0,0,0,0,0,0,0,0,0,"['sk__Eukaryota', 'k__Metazoa', 'p__Chordata', 'c__Aves', 'o__Charadriiformes', 'f__Charadriidae']"
f__Laridae,0,0,0,0,0,0,0,0,0,0,0,0,0,0,0,0,0,0,0,0,0,0,0,0,0,0,0,0,0,0,0,0,0,0,0,0,0,0,0,0,0,0,0,0,0,0,0,8,0,0,0,0,0,0,0,0,0,0,0,11373,0,0,0,0,0,0,0,0,0,0,0,0,0,0,0,0,0,0,0,0,0,0,0,0,0,0,0,0,0,0,0,0,0,0,0,0,0,0,0,0,0,0,0,0,0,0,0,0,0,0,0,0,0,0,0,0,0,0,0,0,0,0,0,0,0,0,0,0,0,0,0,0,0,0,0,0,0,0,0,0,0,0,0,0,0,0,0,0,0,0,0,0,"['sk__Eukaryota', 'k__Metazoa', 'p__Chordata', 'c__Aves', 'o__Charadriiformes', 'f__Laridae']"
f__Columbidae,0,65,0,0,2582,369,0,0,0,0,0,0,0,0,0,0,157,0,0,6482,12387,0,32411,7259,3851,0,0,0,0,0,0,0,0,0,0,0,0,0,0,0,0,0,0,0,0,0,0,0,0,0,0,0,0,0,0,0,0,0,0,0,0,0,0,0,0,0,0,0,0,18989,1518,0,0,0,0,0,0,0,0,0,0,0,0,0,0,0,0,0,0,0,0,0,0,0,0,0,0,0,0,0,0,0,0,0,0,0,0,0,0,0,0,75,0,0,0,0,0,0,0,0,0,0,0,0,0,0,0,0,0,0,0,0,0,0,0,0,0,0,0,0,0,0,0,0,0,0,0,0,0,0,0,37,"['sk__Eukaryota', 'k__Metazoa', 'p__Chordata', 'c__Aves', 'o__Columbiformes', 'f__Columbidae']"
f__Phasianidae,0,0,18,0,0,0,0,0,0,0,0,0,0,0,0,0,0,0,0,0,0,0,0,0,0,0,0,0,0,0,0,0,0,0,0,0,0,0,0,0,0,0,0,0,0,0,0,0,0,0,0,0,0,0,0,0,0,0,0,0,0,0,0,0,0,0,0,5,0,16,0,0,0,28,0,0,0,0,0,9,0,0,0,0,0,0,0,0,0,0,0,0,0,0,0,0,0,0,0,0,0,0,0,0,0,0,0,0,0,58,0,69,0,0,3,24,0,0,75,0,0,0,0,0,0,0,0,0,0,0,0,0,0,0,0,0,0,0,0,0,0,0,0,0,0,0,0,0,0,0,6,0,"['sk__Eukaryota', 'k__Metazoa', 'p__Chordata', 'c__Aves', 'o__Galliformes', 'f__Phasianidae']"
f__Rallidae,0,0,0,0,0,0,0,0,0,0,0,0,0,0,3,0,0,0,0,0,0,0,0,0,0,0,0,0,0,0,0,0,0,0,0,0,0,0,0,0,0,0,0,0,0,0,0,0,0,0,0,0,0,0,0,0,0,0,0,0,0,0,0,0,0,0,0,0,0,0,0,0,0,0,0,0,0,0,0,0,26,0,0,0,0,0,0,0,0,0,0,0,0,0,0,0,0,0,0,0,0,0,82,0,0,0,0,0,0,0,0,0,0,0,0,0,0,0,0,0,0,0,0,0,426,0,0,0,0,0,0,0,0,0,0,0,0,0,0,0,0,0,0,0,0,0,0,0,0,0,0,0,"['sk__Eukaryota', 'k__Metazoa', 'p__Chordata', 'c__Aves', 'o__Gruiformes', 'f__Rallidae']"
f__Corvidae,0,0,0,0,0,0,0,0,0,0,0,0,0,0,0,0,0,0,0,0,0,0,0,0,0,0,0,0,27,0,0,0,0,0,0,0,0,0,0,0,0,0,0,0,0,0,0,0,0,0,0,0,0,0,0,0,0,0,0,0,0,0,4,0,3,0,0,0,0,0,0,0,0,0,0,0,0,0,0,0,0,0,0,0,0,0,0,0,0,0,0,0,0,0,0,0,0,0,0,0,0,0,0,0,0,0,0,0,0,0,0,0,0,0,0,0,0,0,0,0,0,0,0,0,0,0,0,0,0,0,0,0,0,0,0,0,0,0,0,0,0,0,0,0,0,0,20,0,0,0,0,159,"['sk__Eukaryota', 'k__Metazoa', 'p__Chordata', 'c__Aves', 'o__Passeriformes', 'f__Corvidae']"
f__Mustelidae,1418,43,53,0,10,0,59,15,41,132,14,0,54,14,46,12,15,19,34,17,17,907,3,40,3,10,0,77,250,0,0,0,0,0,0,0,0,0,0,0,0,0,51,300,6,15,6,9,9,16,28,93,4,0,188,0,43,26,112,88,9,40,19,14,31,133,88,19,10,14,290,3,0,4,0,3,15,1753,1634,26130,40,5,4,0,23,63,0,0,112,43,35,0,17,0,0,0,28,0,0,47,35,175,15,0,0,0,3,0,89,2081,869,8,0,6309,6150,0,2345,29,5472,10,27,34,5011,6,1046,3761,0,6,2297,16,0,160,8,0,3,10,60,57,158,0,0,0,0,0,0,0,0,0,0,0,0,0,"['sk__Eukaryota', 'k__Metazoa', 'p__Chordata', 'c__Mammalia', 'o__Carnivora', 'f__Mustelidae']"
f__Leporidae,0,0,0,0,0,0,0,0,0,0,0,0,0,0,0,0,0,0,0,0,0,0,0,0,0,0,0,0,0,0,0,0,0,0,0,0,0,0,0,0,0,0,0,0,0,0,0,0,0,0,0,0,0,0,0,0,0,0,0,0,0,0,0,0,0,0,0,0,0,0,0,0,0,0,0,0,0,0,0,0,0,0,0,0,0,0,0,0,0,0,0,0,0,0,0,0,0,0,0,0,0,0,0,0,0,0,0,0,0,0,0,0,0,0,0,3,0,0,0,5,0,0,0,0,0,0,0,0,0,0,0,0,0,0,0,0,0,0,0,0,0,0,0,0,0,0,0,0,0,0,0,0,"['sk__Eukaryota', 'k__Metazoa', 'p__Chordata', 'c__Mammalia', 'o__Lagomorpha', 'f__Leporidae']"
f__Cricetidae,0,0,0,0,0,0,0,0,0,0,0,0,0,0,0,0,0,0,0,0,0,0,0,0,0,0,0,0,0,0,0,0,0,0,0,0,0,0,0,0,0,0,0,0,0,0,0,0,0,0,0,0,0,0,0,0,0,0,0,0,0,0,0,0,0,0,0,0,0,0,0,0,0,0,0,0,0,70,0,0,0,0,0,0,0,0,0,0,0,0,0,0,0,0,0,0,0,0,0,0,0,0,0,0,59,0,0,0,0,0,4,14,0,0,0,0,0,0,0,0,0,0,63,8,0,0,0,0,0,0,0,0,0,0,0,0,0,0,0,0,0,0,0,0,0,0,0,0,0,0,0,0,"['sk__Eukaryota', 'k__Metazoa', 'p__Chordata', 'c__Mammalia', 'o__Rodentia', 'f__Cricetidae']"
f__Cervidae,0,0,0,0,0,0,0,0,0,0,0,0,0,0,0,0,0,0,0,0,0,0,0,0,0,0,0,0,0,0,0,0,0,0,0,0,0,0,0,0,0,0,0,0,0,0,0,0,0,0,0,0,0,0,0,0,0,0,0,0,0,0,0,0,0,0,0,0,0,0,0,0,0,0,0,0,0,0,0,0,0,0,0,0,0,0,0,0,0,0,0,0,0,0,0,0,0,0,0,0,0,0,0,0,0,0,0,0,0,0,0,0,0,0,0,7,0,0,0,0,0,0,0,0,0,0,0,0,0,0,0,0,0,0,0,0,0,0,0,0,0,0,0,0,0,0,0,0,0,0,0,0,"['sk__Eukaryota', 'k__Metazoa', 'p__Chordata', 'c__Mammalia', 'o__unknown', 'f__Cervidae']"
f__Petromyzontidae,0,0,0,0,0,0,16,0,0,0,0,0,0,0,0,0,0,0,0,0,0,0,0,13,0,0,0,0,0,0,0,0,0,0,0,0,0,0,0,0,0,0,0,0,0,0,0,0,0,0,0,0,0,0,0,0,0,0,0,0,0,0,0,0,0,0,0,0,0,0,0,0,0,0,0,0,0,0,0,0,0,0,0,0,0,0,0,0,3,0,0,0,0,0,42,0,0,0,0,0,0,0,0,0,0,0,0,0,0,0,0,0,33,0,0,0,0,0,0,0,0,0,0,0,0,0,0,0,0,0,0,0,0,0,0,0,0,0,0,0,0,0,0,0,0,0,0,0,0,0,0,0,"['sk__Eukaryota', 'k__Metazoa', 'p__Chordata', 'c__unknown', 'o__Petromyzontiformes', 'f__Petromyzontidae']"
o__Charadriiformes,0,0,0,0,0,0,0,0,0,0,0,0,0,0,0,0,0,0,0,0,0,0,0,0,0,0,0,0,0,0,0,0,0,0,0,0,0,0,0,0,0,0,0,0,0,0,3,0,0,0,0,0,0,0,0,0,0,0,0,171,0,0,0,0,0,0,0,0,0,0,0,0,0,0,0,0,0,0,0,0,0,0,0,0,0,0,0,0,0,0,0,0,0,0,0,0,0,0,0,0,0,0,0,0,0,0,0,0,0,0,0,0,0,0,0,0,0,0,0,0,0,0,0,0,0,0,0,0,0,0,0,0,0,0,0,0,0,0,0,0,0,0,0,0,0,0,0,0,0,0,0,0,"['sk__Eukaryota', 'k__Metazoa', 'p__Chordata', 'c__Aves', 'o__Charadriiformes']"
o__Passeriformes,0,0,0,0,0,0,0,0,0,0,0,0,0,0,0,0,0,0,0,0,0,0,0,0,0,0,0,0,0,0,0,0,0,0,0,0,0,0,0,0,0,0,0,0,0,0,0,0,0,0,0,0,0,0,0,0,0,0,0,0,0,0,0,0,0,0,0,0,0,0,0,0,0,0,0,0,0,0,0,0,0,0,0,0,0,0,0,0,0,0,0,0,0,0,0,0,0,0,0,0,0,0,0,0,0,0,0,0,0,87,434,0,0,0,945,0,873,0,513,0,0,0,0,0,0,0,0,0,0,0,0,0,0,0,0,0,0,0,0,0,0,0,0,0,0,0,0,0,0,0,0,0,"['sk__Eukaryota', 'k__Metazoa', 'p__Chordata', 'c__Aves', 'o__Passeriformes']"
o__Carnivora,0,0,0,0,0,0,0,0,0,0,0,0,0,0,0,0,0,0,0,0,0,0,0,0,0,0,0,0,0,0,0,0,0,0,0,0,0,0,0,0,0,0,0,0,0,0,0,0,0,0,0,0,0,0,0,0,0,0,0,0,0,0,0,0,0,0,0,0,0,0,0,0,0,0,0,0,0,0,0,0,0,0,0,0,0,0,0,0,0,0,0,0,0,0,0,0,0,0,0,0,0,0,0,0,0,0,0,0,0,0,0,0,0,0,4,0,14,0,0,0,0,0,0,0,4,0,0,0,0,0,0,0,0,0,0,0,0,0,0,0,0,0,0,0,0,0,0,0,0,0,0,0,"['sk__Eukaryota', 'k__Metazoa', 'p__Chordata', 'c__Mammalia', 'o__Carnivora']"
c__Actinopteri,0,0,0,0,0,0,0,0,0,0,0,0,0,0,0,0,0,0,0,0,0,0,0,0,0,0,0,0,0,0,0,0,0,0,0,0,0,0,0,0,0,0,0,0,0,0,0,0,0,7,0,0,0,0,0,0,0,0,0,0,0,0,0,0,0,0,0,0,0,0,0,0,0,0,0,0,0,0,0,0,0,0,0,0,0,0,0,0,0,0,0,0,0,0,0,0,0,0,0,0,0,0,0,0,0,0,0,0,0,0,0,0,0,0,0,0,0,0,0,0,3,0,0,0,0,0,0,0,0,0,0,0,0,0,0,0,0,0,0,0,0,0,0,0,0,0,0,0,0,0,0,0,"['sk__Eukaryota', 'k__Metazoa', 'p__Chordata', 'c__Actinopteri']"
c__Aves,0,0,0,0,7,7,0,0,0,0,0,0,0,0,0,0,0,0,0,369,272,0,458,652,227,0,0,0,0,0,0,0,0,0,0,0,0,0,0,0,0,0,0,0,11,11,69,950,397,3,213,0,0,0,0,0,0,0,0,45,551,0,4024,0,0,0,0,411,399,258,0,0,0,0,0,0,0,0,0,0,0,0,0,0,0,0,0,0,0,0,0,0,0,0,0,0,0,0,0,0,0,4111,198,0,0,0,0,0,0,0,3,0,0,369,22,30026,7,0,0,3166,0,0,4,0,9,0,0,0,0,0,0,0,0,0,0,0,0,0,0,0,0,0,0,0,0,0,0,0,0,0,0,0,"['sk__Eukaryota', 'k__Metazoa', 'p__Chordata', 'c__Aves']"
c__Mammalia,0,0,0,0,0,0,0,0,0,0,0,0,0,0,0,0,0,0,0,0,0,62,0,0,0,0,0,0,0,0,0,0,0,0,0,0,0,0,0,0,0,0,0,0,0,0,0,0,0,0,0,0,0,0,0,0,0,0,0,0,0,0,0,0,0,0,0,0,0,0,0,0,0,0,0,0,0,0,0,0,0,0,0,0,0,0,0,0,0,0,0,0,0,0,0,0,0,0,0,0,0,0,0,0,0,0,0,0,0,0,0,0,0,0,0,0,0,0,0,0,0,0,0,0,0,2656,0,0,41,0,0,0,0,0,0,0,0,0,0,0,0,0,0,0,0,0,0,0,0,0,0,0,"['sk__Eukaryota', 'k__Metazoa', 'p__Chordata', 'c__Mammalia']"
__unassigned,202,473,168,436,233,390,3739,5348,374,462,1059,15,181,41,76,62,12737,8611,1100,1233,130,209,213,1394,102,2235,0,1462,536,64,0,11,0,145,0,5,0,0,1399,46,4,3,644,543,33,420,868,3734,2153,6708,800,427,77,21,1591,19,1498,531,12808,307,96,174,1465,366,1205,1453,535,3615,2391,436,714,0,130,10733,53,64,43,4134,9,13,10023,282,268,20,596,229,4373,16,3575,603,869,448,1071,97,230,185,584,0,0,71,60,15090,11884,275,7650,64,412,90,1709,10,488,542,0,25570,29970,4509,212,158,97,3329,8044,777,563,0,2740,2973,0,10,63,1010,189,1268,384,1492,362,2610,525,215,821,225,92,115,228,110,525,504,98,34,26,354,25910,103,['__unassigned']